{
  "YB_RSI": {
    "cagr": {
      "mean": 0.5702909617153172,
      "median": 0.5619554425965937,
      "std": 0.15517180506900816,
      "ci_2.5": 0.2887407455786084,
      "ci_5": 0.32377869179648805,
      "ci_25": 0.4631452087315661,
      "ci_75": 0.6730096257237286,
      "ci_95": 0.837128251604057,
      "ci_97.5": 0.8968473660112466,
      "p_negative": 0.0
    },
    "mdd": {
      "mean": -0.33093892890019005,
      "median": -0.32133409531732415,
      "std": 0.06618360141548185,
      "ci_2.5": -0.4819825779055883,
      "ci_5": -0.45285360138774355,
      "ci_25": -0.3684061305258547,
      "ci_75": -0.2826004347874205,
      "ci_95": -0.2405108678267097,
      "ci_97.5": -0.23047175030892497,
      "p_negative": 1.0
    },
    "sharpe": {
      "mean": 1.4127722873165642,
      "median": 1.4113862691873682,
      "std": 0.27623328153159593,
      "ci_2.5": 0.879909356979256,
      "ci_5": 0.9554259281138408,
      "ci_25": 1.225499913667858,
      "ci_75": 1.6054977170105822,
      "ci_95": 1.8635471919680016,
      "ci_97.5": 1.9670212089210461,
      "p_negative": 0.0
    },
    "sortino": {
      "mean": 1.9925244401549194,
      "median": 1.9830114675424073,
      "std": 0.41841206838375794,
      "ci_2.5": 1.2017652170407318,
      "ci_5": 1.3149927284972616,
      "ci_25": 1.7088360864096448,
      "ci_75": 2.2714401533039394,
      "ci_95": 2.6980678246327456,
      "ci_97.5": 2.848637755124724,
      "p_negative": 0.0
    },
    "calmar": {
      "mean": 1.8338087875158788,
      "median": 1.7361219334584588,
      "std": 0.7353617883314779,
      "ci_2.5": 0.6798264910544003,
      "ci_5": 0.8121706312182524,
      "ci_25": 1.2995093208578334,
      "ci_75": 2.2666146126900233,
      "ci_95": 3.1942240916543527,
      "ci_97.5": 3.5671577508948484,
      "p_negative": 0.0
    }
  },
  "YB_Consensus": {
    "cagr": {
      "mean": 0.6546518689038606,
      "median": 0.6425256992809655,
      "std": 0.18889873134357538,
      "ci_2.5": 0.31971596150003534,
      "ci_5": 0.36238604563221,
      "ci_25": 0.522571866557084,
      "ci_75": 0.7808288107692369,
      "ci_95": 0.9788686570955578,
      "ci_97.5": 1.0529985633091563,
      "p_negative": 0.0
    },
    "mdd": {
      "mean": -0.373093727239975,
      "median": -0.36298687094190357,
      "std": 0.07325335923545391,
      "ci_2.5": -0.5427755124728306,
      "ci_5": -0.5077638581224624,
      "ci_25": -0.41589418154895663,
      "ci_75": -0.31879454982579725,
      "ci_95": -0.2713933237230256,
      "ci_97.5": -0.25844528382947785,
      "p_negative": 1.0
    },
    "sharpe": {
      "mean": 1.4415776837153331,
      "median": 1.439646095820697,
      "std": 0.2892085366156298,
      "ci_2.5": 0.8917632416213119,
      "ci_5": 0.9670558840499742,
      "ci_25": 1.2462849807234728,
      "ci_75": 1.6435521784955214,
      "ci_95": 1.9168197410720114,
      "ci_97.5": 2.013419107223144,
      "p_negative": 0.0
    },
    "sortino": {
      "mean": 1.9456275191673267,
      "median": 1.9358751065062376,
      "std": 0.42731131239440595,
      "ci_2.5": 1.1542342196348823,
      "ci_5": 1.2645537121941939,
      "ci_25": 1.6485514747660663,
      "ci_75": 2.226633925631808,
      "ci_95": 2.6675697091997215,
      "ci_97.5": 2.8263779383474286,
      "p_negative": 0.0
    },
    "calmar": {
      "mean": 1.8680963721287223,
      "median": 1.75766465548569,
      "std": 0.7765770905901137,
      "ci_2.5": 0.6922618689455308,
      "ci_5": 0.8101243481845201,
      "ci_25": 1.3081231108093105,
      "ci_75": 2.3193651594656304,
      "ci_95": 3.3135003135484955,
      "ci_97.5": 3.6309402532580637,
      "p_negative": 0.0
    }
  },
  "YB_HybridAND": {
    "cagr": {
      "mean": 0.6823340617569226,
      "median": 0.6713276367121269,
      "std": 0.19163995953548696,
      "ci_2.5": 0.340403506438778,
      "ci_5": 0.38322479412050214,
      "ci_25": 0.5479817983499636,
      "ci_75": 0.8096837137293353,
      "ci_95": 1.0113045686341349,
      "ci_97.5": 1.079694859067507,
      "p_negative": 0.0
    },
    "mdd": {
      "mean": -0.36857010120051664,
      "median": -0.3578359771172695,
      "std": 0.07246943188141479,
      "ci_2.5": -0.5338966754945768,
      "ci_5": -0.4991555270701841,
      "ci_25": -0.41126736294606936,
      "ci_75": -0.3179064784758293,
      "ci_95": -0.2684958466054606,
      "ci_97.5": -0.2584452838294785,
      "p_negative": 1.0
    },
    "sharpe": {
      "mean": 1.4758414778137663,
      "median": 1.4749371769136999,
      "std": 0.2871426318945284,
      "ci_2.5": 0.9282924521023259,
      "ci_5": 1.005450816934967,
      "ci_25": 1.2808420780751026,
      "ci_75": 1.6780548660496752,
      "ci_95": 1.9410293438289186,
      "ci_97.5": 2.0421950821773427,
      "p_negative": 0.0
    },
    "sortino": {
      "mean": 2.0073927790607784,
      "median": 1.997865400172293,
      "std": 0.428156060787802,
      "ci_2.5": 1.2136695054822486,
      "ci_5": 1.316378279017446,
      "ci_25": 1.7141573521486544,
      "ci_75": 2.287948205636563,
      "ci_95": 2.726581041584249,
      "ci_97.5": 2.882329955953941,
      "p_negative": 0.0
    },
    "calmar": {
      "mean": 1.9693431402555288,
      "median": 1.8584741854133648,
      "std": 0.8041536819901279,
      "ci_2.5": 0.7282637027910954,
      "ci_5": 0.8741120620120998,
      "ci_25": 1.3894521463662708,
      "ci_75": 2.4308254824147246,
      "ci_95": 3.435033173530134,
      "ci_97.5": 3.8330315567408335,
      "p_negative": 0.0
    }
  },
  "YB_MDD_OR": {
    "cagr": {
      "mean": 0.5419041685499445,
      "median": 0.5373465461695532,
      "std": 0.11807728159192063,
      "ci_2.5": 0.32329590888969995,
      "ci_5": 0.35477175381236975,
      "ci_25": 0.46058540906747025,
      "ci_75": 0.6204706465030276,
      "ci_95": 0.7446775023567767,
      "ci_97.5": 0.7844334306603636,
      "p_negative": 0.0
    },
    "mdd": {
      "mean": -0.23509156230699527,
      "median": -0.22668150019180877,
      "std": 0.04783215414335924,
      "ci_2.5": -0.34706232011327126,
      "ci_5": -0.32525625862357666,
      "ci_25": -0.2616644746808683,
      "ci_75": -0.20140458338658265,
      "ci_95": -0.171765238320528,
      "ci_97.5": -0.16169831055467737,
      "p_negative": 1.0
    },
    "sharpe": {
      "mean": 1.7179988381845746,
      "median": 1.7183291295139047,
      "std": 0.2797584515605821,
      "ci_2.5": 1.1783655236614972,
      "ci_5": 1.252280540078037,
      "ci_25": 1.528701647411598,
      "ci_75": 1.9076846036985964,
      "ci_95": 2.1786634736091055,
      "ci_97.5": 2.271997430087253,
      "p_negative": 0.0
    },
    "sortino": {
      "mean": 2.404763132681082,
      "median": 2.388635422653379,
      "std": 0.44025595838497056,
      "ci_2.5": 1.5849048639058905,
      "ci_5": 1.6977039580326518,
      "ci_25": 2.1014204634432017,
      "ci_75": 2.6894028847409883,
      "ci_95": 3.1529758937244834,
      "ci_97.5": 3.3196010179947155,
      "p_negative": 0.0
    },
    "calmar": {
      "mean": 2.4359153442142563,
      "median": 2.343916160322363,
      "std": 0.8376475728063749,
      "ci_2.5": 1.0952953189864263,
      "ci_5": 1.240364234436453,
      "ci_25": 1.8181179591688164,
      "ci_75": 2.9523692204324816,
      "ci_95": 3.9597228338732324,
      "ci_97.5": 4.372473086429942,
      "p_negative": 0.0
    }
  },
  "YB_MDD_AND": {
    "cagr": {
      "mean": 0.4914367276529805,
      "median": 0.4849410110138813,
      "std": 0.12475867180636487,
      "ci_2.5": 0.2635831369833969,
      "ci_5": 0.2953232524093046,
      "ci_25": 0.4035560393680888,
      "ci_75": 0.5759050361402449,
      "ci_95": 0.7040762125543555,
      "ci_97.5": 0.7483154426047071,
      "p_negative": 0.0
    },
    "mdd": {
      "mean": -0.2766426274921417,
      "median": -0.26830919872384146,
      "std": 0.05793258501515264,
      "ci_2.5": -0.4140888093895131,
      "ci_5": -0.3835186004922698,
      "ci_25": -0.308487091720105,
      "ci_75": -0.2339604493302398,